Abnormal Rhythm 1,Abnormal Rhythm 2,Cardiovascular,http://blackbook.ucalgary.ca/wp-content/uploads/2018/10/blackbook-11-2018_Page_030-1.png,1
Abnormal Rhythm 2,Abnormal Rhythm 3,Cardiovascular,http://blackbook.ucalgary.ca/wp-content/uploads/2018/10/blackbook-11-2018_Page_031-1.png,1
Chest Discomfort: Pulmonary / Mediastinal,Chest Discomfort: Pulmonary / Mediastinal,Cardiovascular,http://blackbook.ucalgary.ca/wp-content/uploads/2018/10/blackbook-11-2018_Page_033-1.png,1
Hypertension,Hypertension,Cardiovascular,http://blackbook.ucalgary.ca/wp-content/uploads/2018/10/blackbook-11-2018_Page_035-1.png,1
Hypertension in Pregnancy,Hypertension in Pregnancy,Cardiovascular,http://blackbook.ucalgary.ca/wp-content/uploads/2014/02/pearl.png,1
Left-Sided Heart Failure,Left-Sided Heart Failure,Cardiovascular,http://blackbook.ucalgary.ca/wp-content/uploads/2018/10/blackbook-11-2018_Page_036-1.png,1
Isolated Right-Sided Heart Failure,Isolated Right-Sided Heart Failure,Cardiovascular,http://blackbook.ucalgary.ca/wp-content/uploads/2018/10/blackbook-11-2018_Page_037-1.png,1
Pulse Abnormalities,Pulse Abnormalities,Cardiovascular,http://blackbook.ucalgary.ca/wp-content/uploads/2018/10/blackbook-11-2018_Page_038-1.png,1
Shock,Shock,Cardiovascular,http://blackbook.ucalgary.ca/wp-content/uploads/2018/10/blackbook-11-2018_Page_039-1.png,1
SYNCOPE,SYNCOPE,Cardiovascular,http://blackbook.ucalgary.ca/wp-content/uploads/2018/10/blackbook-11-2018_Page_040-1.png,1
SYSTOLIC MURMUR: Benign & Stenotic,SYSTOLIC MURMUR: Benign & Stenotic,Cardiovascular,http://blackbook.ucalgary.ca/wp-content/uploads/2018/10/blackbook-11-2018_Page_041-1.png,1
SYSTOLIC MURMUR: Valvular & Other,SYSTOLIC MURMUR: Valvular & Other,Cardiovascular,http://blackbook.ucalgary.ca/wp-content/uploads/2018/10/blackbook-11-2018_Page_042-1.png,1
DIASTOLIC MURMUR,DIASTOLIC MURMUR,Cardiovascular,http://blackbook.ucalgary.ca/wp-content/uploads/2018/10/blackbook-11-2018_Page_043-1.png,1
ACID-BASE DISORDER,ACID-BASE DISORDER,Respiratory,http://blackbook.ucalgary.ca/wp-content/uploads/2018/10/blackbook-11-2018_Page_044-1.png,1
CHEST DISCOMFORT: Pulmonary/Mediastinal,CHEST DISCOMFORT: Pulmonary/Mediastinal,Respiratory,http://blackbook.ucalgary.ca/wp-content/uploads/2018/10/blackbook-11-2018_Page_049-1.png,1
CHEST DISCOMFORT: Other,CHEST DISCOMFORT: Other,Respiratory,http://blackbook.ucalgary.ca/wp-content/uploads/2018/10/blackbook-11-2018_Page_051-1.png,1
CHEST TRAUMA,CHEST TRAUMA,Respiratory,http://blackbook.ucalgary.ca/wp-content/uploads/2018/10/blackbook-11-2018_Page_052-1.png,1
COUGH: Chronic,COUGH: Chronic,Respiratory,http://blackbook.ucalgary.ca/wp-content/uploads/2018/10/blackbook-11-2018_Page_053-1.png,1
COUGH: Dyspnea & Fever,COUGH: Dyspnea & Fever,Respiratory,http://blackbook.ucalgary.ca/wp-content/uploads/2018/10/blackbook-11-2018_Page_054-1.png,1
DYSPNEA: Acute,DYSPNEA: Acute,Respiratory,http://blackbook.ucalgary.ca/wp-content/uploads/2018/10/blackbook-11-2018_Page_055-1.png,1
DYSPNEA: Chronic – Cardiac,DYSPNEA: Chronic – Cardiac,Respiratory,http://blackbook.ucalgary.ca/wp-content/uploads/2018/10/blackbook-11-2018_Page_056-1.png,1
DYSPNEA: Chronic – Pulmonary/Other,DYSPNEA: Chronic – Pulmonary/Other,Respiratory,http://blackbook.ucalgary.ca/wp-content/uploads/2018/10/blackbook-11-2018_Page_057-1.png,1
EXCESSIVE DAYTIME SLEEPINESS,EXCESSIVE DAYTIME SLEEPINESS,Respiratory,http://blackbook.ucalgary.ca/wp-content/uploads/2018/10/blackbook-11-2018_Page_058-1.png,1
HEMOPTYSIS,HEMOPTYSIS,Respiratory,http://blackbook.ucalgary.ca/wp-content/uploads/2018/10/blackbook-11-2018_Page_059-1.png,1
HYPOXEMIA,HYPOXEMIA,Respiratory,http://blackbook.ucalgary.ca/wp-content/uploads/2018/10/blackbook-11-2018_Page_060-1.png,1
LUNG NODULE,LUNG NODULE,Respiratory,http://blackbook.ucalgary.ca/wp-content/uploads/2018/10/blackbook-11-2018_Page_061-1.png,1
MEDIASTINAL MASS,MEDIASTINAL MASS,Respiratory,http://blackbook.ucalgary.ca/wp-content/uploads/2018/10/blackbook-11-2018_Page_062-1.png,1
PLEURAL EFFUSION,PLEURAL EFFUSION,Respiratory,http://blackbook.ucalgary.ca/wp-content/uploads/2018/10/blackbook-11-2018_Page_063-1.png,1
PULMONARY HYPERTENSION,PULMONARY HYPERTENSION,Respiratory,http://blackbook.ucalgary.ca/wp-content/uploads/2018/10/blackbook-11-2018_Page_064-1.png,1
OVERALL APPROACH TO ANEMIA,OVERALL APPROACH TO ANEMIA,Hematologic,http://blackbook.ucalgary.ca/wp-content/uploads/2018/10/blackbook-11-2018_Page_065-1.png,1
OVERALL APPROACH TO ANEMIA,OVERALL APPROACH TO ANEMIA,Hematologic,http://blackbook.ucalgary.ca/wp-content/uploads/2018/10/blackbook-11-2018_Page_068-1.png,1
ANEMIA WITH ELEVATED MCV,ANEMIA WITH ELEVATED MCV,Hematologic,http://blackbook.ucalgary.ca/wp-content/uploads/2018/10/blackbook-11-2018_Page_068-1.png,1
ANEMIA WITH NORMAL MCV,ANEMIA WITH NORMAL MCV,Hematologic,http://blackbook.ucalgary.ca/wp-content/uploads/2018/10/blackbook-11-2018_Page_070-1.png,1
ANEMIA WITH LOW MCV,ANEMIA WITH LOW MCV,Hematologic,http://blackbook.ucalgary.ca/wp-content/uploads/2018/10/blackbook-11-2018_Page_071-1.png,1
APPROACH TO BLEEDING/BRUISING: Platelets & Vascular System,APPROACH TO BLEEDING/BRUISING: Platelets & Vascular System,Hematologic,http://blackbook.ucalgary.ca/wp-content/uploads/2018/10/blackbook-11-2018_Page_072-1.png,1
APPROACH TO BLEEDING/BRUISING: Coagulation Proteins,APPROACH TO BLEEDING/BRUISING: Coagulation Proteins,Hematologic,http://blackbook.ucalgary.ca/wp-content/uploads/2018/10/blackbook-11-2018_Page_073.png,1
"APPROACH TO PROLONGED PT (INR), PROLONGED PTT","APPROACH TO PROLONGED PT (INR), PROLONGED PTT",Hematologic,http://blackbook.ucalgary.ca/wp-content/uploads/2018/10/blackbook-11-2018_Page_074-1.png,1
"PROLONGED PT (INR), NORMAL PTT","PROLONGED PT (INR), NORMAL PTT",Hematologic,http://blackbook.ucalgary.ca/wp-content/uploads/2018/10/blackbook-11-2018_Page_075-1.png,1
"PROLONGED PTT, NORMAL PT (INR): Bleeding Tendency","PROLONGED PTT, NORMAL PT (INR): Bleeding Tendency",Hematologic,http://blackbook.ucalgary.ca/wp-content/uploads/2018/10/blackbook-11-2018_Page_076-1.png,1
"PROLONGED PTT, NORMAL PT (INR): Bleeding Tendency","PROLONGED PTT, NORMAL PT (INR): Bleeding Tendency",Hematologic,http://blackbook.ucalgary.ca/wp-content/uploads/2018/10/blackbook-11-2018_Page_077.png,1
APPROACH TO SPLENOMEGALY,APPROACH TO SPLENOMEGALY,Hematologic,http://blackbook.ucalgary.ca/wp-content/uploads/2018/10/blackbook-11-2018_Page_078-1.png,1
FEVER IN THE IMMUNOCOMPROMISED HOST,FEVER IN THE IMMUNOCOMPROMISED HOST,Hematologic,http://blackbook.ucalgary.ca/wp-content/uploads/2018/10/blackbook-11-2018_Page_079-1.png,1
LYMPHADENOPATHY: Diffuse,LYMPHADENOPATHY: Diffuse,Hematologic,http://blackbook.ucalgary.ca/wp-content/uploads/2018/10/blackbook-11-2018_Page_080-1.png,1
LYMPHADENOPATHY: Localized,LYMPHADENOPATHY: Localized,Hematologic,http://blackbook.ucalgary.ca/wp-content/uploads/2018/10/blackbook-11-2018_Page_081-1.png,1
NEUTROPHILIA,NEUTROPHILIA,Hematologic,http://blackbook.ucalgary.ca/wp-content/uploads/2018/10/blackbook-11-2018_Page_082-1.png,1
NEUTROPENIA: Decreased Neutrophils Only,NEUTROPENIA: Decreased Neutrophils Only,Hematologic,http://blackbook.ucalgary.ca/wp-content/uploads/2018/10/blackbook-11-2018_Page_083-1.png,1
NEUTROPENIA: Bicytopenia/Pancytopenia,NEUTROPENIA: Bicytopenia/Pancytopenia,Hematologic,http://blackbook.ucalgary.ca/wp-content/uploads/2018/10/blackbook-11-2018_Page_084.png,1
POLYCYTHEMIA,POLYCYTHEMIA,Hematologic,http://blackbook.ucalgary.ca/wp-content/uploads/2018/10/blackbook-11-2018_Page_085-1.png,1
SUSPECTED DEEP VEIN THROMBOSIS (DVT),SUSPECTED DEEP VEIN THROMBOSIS (DVT),Hematologic,http://blackbook.ucalgary.ca/wp-content/uploads/2018/10/blackbook-11-2018_Page_086-1.png,1
SUSPECTED PULMONARY EMBOLISM (PE),SUSPECTED PULMONARY EMBOLISM (PE),Hematologic,http://blackbook.ucalgary.ca/wp-content/uploads/2018/10/blackbook-11-2018_Page_087-1.png,1
THROMBOCYTOPENIA,THROMBOCYTOPENIA,Hematologic,http://blackbook.ucalgary.ca/wp-content/uploads/2018/10/blackbook-11-2018_Page_088-1.png,1
THROMBOCYTOPENIA,THROMBOCYTOPENIA,Hematologic,http://blackbook.ucalgary.ca/wp-content/uploads/2018/10/blackbook-11-2018_Page_089-1.png,1
ABDOMINAL DISTENTION: Abdominal Distention,ABDOMINAL DISTENTION: Abdominal Distention,Gastrointestinal,http://blackbook.ucalgary.ca/wp-content/uploads/2018/10/blackbook-11-2018_Page_090-1.png,1
ABDOMINAL DISTENTION: Ascites,ABDOMINAL DISTENTION: Ascites,Gastrointestinal,http://blackbook.ucalgary.ca/wp-content/uploads/2018/10/blackbook-11-2018_Page_096-1.png,1
ABDOMINAL DISTENTION: Other Causes,ABDOMINAL DISTENTION: Other Causes,Gastrointestinal,http://blackbook.ucalgary.ca/wp-content/uploads/2018/10/blackbook-11-2018_Page_097-1.png,1
ABDOMINAL MASS,ABDOMINAL MASS,Gastrointestinal,http://blackbook.ucalgary.ca/wp-content/uploads/2018/10/blackbook-11-2018_Page_098-1.png,1
ABDOMINAL PAIN (ADULT): Acute – Diffuse,ABDOMINAL PAIN (ADULT): Acute – Diffuse,Gastrointestinal,http://blackbook.ucalgary.ca/wp-content/uploads/2018/10/blackbook-11-2018_Page_099-1.png,1
ABDOMINAL PAIN (ADULT): Acute – Localized,ABDOMINAL PAIN (ADULT): Acute – Localized,Gastrointestinal,http://blackbook.ucalgary.ca/wp-content/uploads/2018/10/blackbook-11-2018_Page_100-1.png,1
ABDOMINAL PAIN (ADULT): Chronic – Constant,ABDOMINAL PAIN (ADULT): Chronic – Constant,Gastrointestinal,http://blackbook.ucalgary.ca/wp-content/uploads/2018/10/blackbook-11-2018_Page_101-1.png,1
ABDOMINAL PAIN (ADULT): Chronic – Crampy/Fleeting,ABDOMINAL PAIN (ADULT): Chronic – Crampy/Fleeting,Gastrointestinal,http://blackbook.ucalgary.ca/wp-content/uploads/2018/10/blackbook-11-2018_Page_102-1.png,1
ABDOMINAL PAIN (ADULT): Chronic – Post-Prandial,ABDOMINAL PAIN (ADULT): Chronic – Post-Prandial,Gastrointestinal,http://blackbook.ucalgary.ca/wp-content/uploads/2018/10/blackbook-11-2018_Page_103-1.png,1
ANORECTAL PAIN,ANORECTAL PAIN,Gastrointestinal,http://blackbook.ucalgary.ca/wp-content/uploads/2018/10/blackbook-11-2018_Page_104-1.png,1
ACUTE DIARRHEA,ACUTE DIARRHEA,Gastrointestinal,http://blackbook.ucalgary.ca/wp-content/uploads/2018/10/blackbook-11-2018_Page_105-1.png,1
CHRONIC DIARRHEA: Small Bowel,CHRONIC DIARRHEA: Small Bowel,Gastrointestinal,http://blackbook.ucalgary.ca/wp-content/uploads/2018/10/blackbook-11-2018_Page_106-1.png,1
CHRONIC DIARRHEA: Steatorrhea & Large Bowel,CHRONIC DIARRHEA: Steatorrhea & Large Bowel,Gastrointestinal,http://blackbook.ucalgary.ca/wp-content/uploads/2018/10/blackbook-11-2018_Page_107-1.png,1
CONSTIPATION (ADULT): Altered Bowel Function & Idiopathic,CONSTIPATION (ADULT): Altered Bowel Function & Idiopathic,Gastrointestinal,http://blackbook.ucalgary.ca/wp-content/uploads/2018/10/blackbook-11-2018_Page_108-1.png,1
CONSTIPATION (ADULT): Secondary Causes,CONSTIPATION (ADULT): Secondary Causes,Gastrointestinal,http://blackbook.ucalgary.ca/wp-content/uploads/2018/10/blackbook-11-2018_Page_109-1.png,1
CONSTIPATION (PEDIATRIC),CONSTIPATION (PEDIATRIC),Gastrointestinal,http://blackbook.ucalgary.ca/wp-content/uploads/2018/10/blackbook-11-2018_Page_110-1.png,1
DYSPHAGIA,DYSPHAGIA,Gastrointestinal,http://blackbook.ucalgary.ca/wp-content/uploads/2018/10/blackbook-11-2018_Page_111-1.png,1
Elevated Liver Enzymes,Elevated Liver Enzymes,Gastrointestinal,http://blackbook.ucalgary.ca/wp-content/uploads/2018/10/blackbook-11-2018_Page_112-1.png,1
HEPATOMEGALY,HEPATOMEGALY,Gastrointestinal,http://blackbook.ucalgary.ca/wp-content/uploads/2018/10/blackbook-11-2018_Page_113-1.png,1
JAUNDICE,JAUNDICE,Gastrointestinal,http://blackbook.ucalgary.ca/wp-content/uploads/2018/10/blackbook-11-2018_Page_114-1.png,1
LIVER MASS,LIVER MASS,Gastrointestinal,http://blackbook.ucalgary.ca/wp-content/uploads/2018/10/blackbook-11-2018_Page_115-1.png,1
MOUTH DISORDERS: Adult and Elderly,MOUTH DISORDERS: Adult and Elderly,Gastrointestinal,http://blackbook.ucalgary.ca/wp-content/uploads/2018/10/blackbook-11-2018_Page_116-1.png,1
NAUSEA AND VOMITING: Other Systemic Disease,NAUSEA AND VOMITING: Other Systemic Disease,Gastrointestinal,http://blackbook.ucalgary.ca/wp-content/uploads/2018/10/blackbook-11-2018_Page_117-1.png,1
STOOL INCONTINENCE,STOOL INCONTINENCE,Gastrointestinal,http://blackbook.ucalgary.ca/wp-content/uploads/2018/10/blackbook-11-2018_Page_119-1.png,1
UPPER GASTROINTESTINAL BLEED (HEMATEMESIS/MELENA),UPPER GASTROINTESTINAL BLEED (HEMATEMESIS/MELENA),Gastrointestinal,http://blackbook.ucalgary.ca/wp-content/uploads/2018/10/blackbook-11-2018_Page_120-1.png,1
LOWER GASTROINTESTINAL BLEED,LOWER GASTROINTESTINAL BLEED,Gastrointestinal,http://blackbook.ucalgary.ca/wp-content/uploads/2018/10/blackbook-11-2018_Page_121-1.png,1
WEIGHT GAIN,WEIGHT GAIN,Gastrointestinal,http://blackbook.ucalgary.ca/wp-content/uploads/2018/10/blackbook-11-2018_Page_122-1.png,1
WEIGHT LOSS,WEIGHT LOSS,Gastrointestinal,http://blackbook.ucalgary.ca/wp-content/uploads/2018/10/blackbook-11-2018_Page_123-1.png,1
Elevated Liver Enzymes,Elevated Liver Enzymes,Gastrointestinal,http://blackbook.ucalgary.ca/wp-content/uploads/2018/10/blackbook-11-2018_Page_124-1.png,1
ACUTE KIDNEY INJURY,ACUTE KIDNEY INJURY,Renal,http://blackbook.ucalgary.ca/wp-content/uploads/2018/10/blackbook-11-2018_Page_113-1.png,1
CHRONIC KIDNEY DISEASE,CHRONIC KIDNEY DISEASE,Renal,http://blackbook.ucalgary.ca/wp-content/uploads/2018/10/blackbook-11-2018_Page_128-1.png,1
DYSURIA,DYSURIA,Renal,http://blackbook.ucalgary.ca/wp-content/uploads/2018/10/blackbook-11-2018_Page_129-1.png,1
GENERALIZED EDEMA,GENERALIZED EDEMA,Renal,http://blackbook.ucalgary.ca/wp-content/uploads/2018/10/blackbook-11-2018_Page_130-1.png,1
HEMATURIA,HEMATURIA,Renal,http://blackbook.ucalgary.ca/wp-content/uploads/2018/10/blackbook-11-2018_Page_131-1.png,1
HYPERKALEMIA: Intracellular Shift,HYPERKALEMIA: Intracellular Shift,Renal,http://blackbook.ucalgary.ca/wp-content/uploads/2018/10/blackbook-11-2018_Page_132-1.png,1
HYPERKALEMIA: Reduced Excretion,HYPERKALEMIA: Reduced Excretion,Renal,http://blackbook.ucalgary.ca/wp-content/uploads/2018/10/blackbook-11-2018_Page_133-1.png,1
HYPOKALEMIA,HYPOKALEMIA,Renal,http://blackbook.ucalgary.ca/wp-content/uploads/2018/10/blackbook-11-2018_Page_134-1.png,1
HYPERNATREMIA,HYPERNATREMIA,Renal,http://blackbook.ucalgary.ca/wp-content/uploads/2018/10/blackbook-11-2018_Page_135.png,1
HYPONATREMIA,HYPONATREMIA,Renal,http://blackbook.ucalgary.ca/wp-content/uploads/2018/10/blackbook-11-2018_Page_136-1.png,1
HYPERTENSION,HYPERTENSION,Renal,http://blackbook.ucalgary.ca/wp-content/uploads/2018/10/blackbook-11-2018_Page_137-1.png,1
INCREASED URINARY FREQUENCY,INCREASED URINARY FREQUENCY,Renal,http://blackbook.ucalgary.ca/wp-content/uploads/2018/10/blackbook-11-2018_Page_138-1.png,1
NEPHROLITHIASIS,NEPHROLITHIASIS,Renal,http://blackbook.ucalgary.ca/wp-content/uploads/2018/10/blackbook-11-2018_Page_139-1.png,1
POLYURIA,POLYURIA,Renal,http://blackbook.ucalgary.ca/wp-content/uploads/2018/10/blackbook-11-2018_Page_140-1.png,1
PROTEINURIA,PROTEINURIA,Renal,http://blackbook.ucalgary.ca/wp-content/uploads/2018/10/blackbook-11-2018_Page_141-1.png,1
RENAL MASS: Solid,RENAL MASS: Solid,Renal,http://blackbook.ucalgary.ca/wp-content/uploads/2018/10/blackbook-11-2018_Page_142-1.png,1
RENAL MASS: Cystic,RENAL MASS: Cystic,Renal,http://blackbook.ucalgary.ca/wp-content/uploads/2018/10/blackbook-11-2018_Page_143-1.png,1
SCROTAL MASS,SCROTAL MASS,Renal,http://blackbook.ucalgary.ca/wp-content/uploads/2018/10/blackbook-11-2018_Page_144-1.png,1
SUSPECTED ACID-BASE DISTURBANCE,SUSPECTED ACID-BASE DISTURBANCE,Renal,http://blackbook.ucalgary.ca/wp-content/uploads/2018/10/blackbook-11-2018_Page_145.png,1
METABOLIC ACIDOSIS: Elevated Anion Gap,METABOLIC ACIDOSIS: Elevated Anion Gap,Renal,http://blackbook.ucalgary.ca/wp-content/uploads/2018/10/blackbook-11-2018_Page_146.png,1
METABOLIC ACIDOSIS: Normal Anion Gap,METABOLIC ACIDOSIS: Normal Anion Gap,Renal,http://blackbook.ucalgary.ca/wp-content/uploads/2018/10/blackbook-11-2018_Page_147.png,1
METABOLIC ALKALOSIS,METABOLIC ALKALOSIS,Renal,http://blackbook.ucalgary.ca/wp-content/uploads/2018/10/blackbook-11-2018_Page_148.png,1
URINARY INCONTINENCE,URINARY INCONTINENCE,Renal,http://blackbook.ucalgary.ca/wp-content/uploads/2018/10/blackbook-11-2018_Page_149.png,1
URINARY TRACT OBSTRUCTION,URINARY TRACT OBSTRUCTION,Renal,http://blackbook.ucalgary.ca/wp-content/uploads/2018/10/blackbook-11-2018_Page_150.png,1
ABNORMAL LIPID PROFILE: Combined & Decreased HDL,ABNORMAL LIPID PROFILE: Combined & Decreased HDL,Endocrinology,http://blackbook.ucalgary.ca/wp-content/uploads/2018/10/blackbook-11-2018_Page_151.png,1
ABNORMAL LIPID PROFILE: Increased LDL & Increased Triglycerides,ABNORMAL LIPID PROFILE: Increased LDL & Increased Triglycerides,Endocrinology,http://blackbook.ucalgary.ca/wp-content/uploads/2018/10/blackbook-11-2018_Page_156.png,1
ABNORMAL SERUM TSH,ABNORMAL SERUM TSH,Endocrinology,http://blackbook.ucalgary.ca/wp-content/uploads/2018/10/blackbook-11-2018_Page_157.png,1
ADRENAL MASS: Benign,ADRENAL MASS: Benign,Endocrinology,http://blackbook.ucalgary.ca/wp-content/uploads/2018/10/blackbook-11-2018_Page_158.png,1
ADRENAL MASS: Malignant,ADRENAL MASS: Malignant,Endocrinology,http://blackbook.ucalgary.ca/wp-content/uploads/2018/10/blackbook-11-2018_Page_159.png,1
AMENORRHEA,AMENORRHEA,Endocrinology,http://blackbook.ucalgary.ca/wp-content/uploads/2018/10/blackbook-11-2018_Page_160.png,1
BREAST DISCHARGE,BREAST DISCHARGE,Endocrinology,http://blackbook.ucalgary.ca/wp-content/uploads/2018/10/blackbook-11-2018_Page_161.png,1
GYNECOMASTIA: Increased Estrogen & Increased HCG,GYNECOMASTIA: Increased Estrogen & Increased HCG,Endocrinology,http://blackbook.ucalgary.ca/wp-content/uploads/2018/10/blackbook-11-2018_Page_162.png,1
GYNECOMASTIA: Increased LH & Decreased Testosterone,GYNECOMASTIA: Increased LH & Decreased Testosterone,Endocrinology,http://blackbook.ucalgary.ca/wp-content/uploads/2018/10/blackbook-11-2018_Page_163.png,1
HIRSUTISM,HIRSUTISM,Endocrinology,http://blackbook.ucalgary.ca/wp-content/uploads/2018/10/blackbook-11-2018_Page_164.png,1
HIRSUTISM & VIRILIZATION: Androgen Excess,HIRSUTISM & VIRILIZATION: Androgen Excess,Endocrinology,http://blackbook.ucalgary.ca/wp-content/uploads/2018/10/blackbook-11-2018_Page_165.png,1
HIRSUTISM & VIRILIZATION: Hypertrichosis,HIRSUTISM & VIRILIZATION: Hypertrichosis,Endocrinology,http://blackbook.ucalgary.ca/wp-content/uploads/2018/10/blackbook-11-2018_Page_166.png,1
HYPERCALCEMIA: Low PTH,HYPERCALCEMIA: Low PTH,Endocrinology,http://blackbook.ucalgary.ca/wp-content/uploads/2018/10/blackbook-11-2018_Page_167.png,1
HYPERCALCEMIA: Normal/High PTH,HYPERCALCEMIA: Normal/High PTH,Endocrinology,http://blackbook.ucalgary.ca/wp-content/uploads/2018/10/blackbook-11-2018_Page_168.png,1
HYPOCALCEMIA: Low Phosphate,HYPOCALCEMIA: Low Phosphate,Endocrinology,http://blackbook.ucalgary.ca/wp-content/uploads/2018/10/blackbook-11-2018_Page_169.png,1
HYPOCALCEMIA: High/Low PTH,HYPOCALCEMIA: High/Low PTH,Endocrinology,http://blackbook.ucalgary.ca/wp-content/uploads/2018/10/blackbook-11-2018_Page_171.png,1
HYPERGLYCEMIA,HYPERGLYCEMIA,Endocrinology,http://blackbook.ucalgary.ca/wp-content/uploads/2018/10/blackbook-11-2018_Page_172.png,1
HYPOTHERMIA,HYPOTHERMIA,Endocrinology,http://blackbook.ucalgary.ca/wp-content/uploads/2018/10/blackbook-11-2018_Page_173.png,1
HYPERPHOSPHATEMIA,HYPERPHOSPHATEMIA,Endocrinology,http://blackbook.ucalgary.ca/wp-content/uploads/2018/10/blackbook-11-2018_Page_373.png,1
HYPOPHOSPHATEMIA,HYPOPHOSPHATEMIA,Endocrinology,http://blackbook.ucalgary.ca/wp-content/uploads/2018/10/blackbook-11-2018_Page_175.png,1
HYPERTHYROIDISM,HYPERTHYROIDISM,Endocrinology,http://blackbook.ucalgary.ca/wp-content/uploads/2015/04/Web_Blackbook-Jan-2017_Page_159.png,1
MALE SEXUAL DYSFUNCTION,MALE SEXUAL DYSFUNCTION,Endocrinology,http://blackbook.ucalgary.ca/wp-content/uploads/2018/10/blackbook-11-2018_Page_177.png,1
SELLAR/PITUITARY MASS,SELLAR/PITUITARY MASS,Endocrinology,http://blackbook.ucalgary.ca/wp-content/uploads/2018/10/blackbook-11-2018_Page_180.png,1
SELLAR/PITUITARY MASS: Size,SELLAR/PITUITARY MASS: Size,Endocrinology,http://blackbook.ucalgary.ca/wp-content/uploads/2018/10/blackbook-11-2018_Page_181.png,1
SHORT STATURE,SHORT STATURE,Endocrinology,http://blackbook.ucalgary.ca/wp-content/uploads/2018/10/blackbook-11-2018_Page_182.png,1
TALL STATURE,TALL STATURE,Endocrinology,http://blackbook.ucalgary.ca/wp-content/uploads/2018/10/blackbook-11-2018_Page_183.png,1
WEIGHT GAIN/OBESITY,WEIGHT GAIN/OBESITY,Endocrinology,http://blackbook.ucalgary.ca/wp-content/uploads/2018/10/blackbook-11-2018_Page_183-1.png,1
ALTERED LEVEL OF CONSCIOUSNESS: Approach,ALTERED LEVEL OF CONSCIOUSNESS: Approach,Neurologic,http://blackbook.ucalgary.ca/wp-content/uploads/2018/10/blackbook-11-2018_Page_185.png,1
ALTERED LEVEL OF CONSCIOUSNESS: GCS ≤ 7,ALTERED LEVEL OF CONSCIOUSNESS: GCS ≤ 8,Neurologic,http://blackbook.ucalgary.ca/wp-content/uploads/2018/10/blackbook-11-2018_Page_190.png,1
APHASIA: Fluent,APHASIA: Fluent,Neurologic,http://blackbook.ucalgary.ca/wp-content/uploads/2018/10/blackbook-11-2018_Page_191.png,1
APHASIA: Non-Fluent,APHASIA: Non-Fluent,Neurologic,http://blackbook.ucalgary.ca/wp-content/uploads/2018/10/blackbook-11-2018_Page_192.png,1
BACK PAIN,BACK PAIN,Neurologic,http://blackbook.ucalgary.ca/wp-content/uploads/2018/10/blackbook-11-2018_Page_193.png,1
COGNITIVE IMPAIRMENT,COGNITIVE IMPAIRMENT,Neurologic,http://blackbook.ucalgary.ca/wp-content/uploads/2018/10/blackbook-11-2018_Page_194.png,1
DYSARTHRIA,DYSARTHRIA,Neurologic,http://blackbook.ucalgary.ca/wp-content/uploads/2018/10/blackbook-11-2018_Page_195.png,1
FALLS IN THE ELDERLY,FALLS IN THE ELDERLY,Neurologic,http://blackbook.ucalgary.ca/wp-content/uploads/2018/10/blackbook-11-2018_Page_196.png,1
GAIT DISTURBANCE,GAIT DISTURBANCE,Neurologic,http://blackbook.ucalgary.ca/wp-content/uploads/2018/10/blackbook-11-2018_Page_197.png,1
HEADACHE: Primary,HEADACHE: Primary,Neurologic,http://blackbook.ucalgary.ca/wp-content/uploads/2018/10/blackbook-11-2018_Page_198.png,1
"HEADACHE: Secondary, without Red Flag Symptoms","HEADACHE: Secondary, without Red Flag Symptoms",Neurologic,http://blackbook.ucalgary.ca/wp-content/uploads/2018/10/blackbook-11-2018_Page_199.png,1
HEMIPLEGIA,HEMIPLEGIA,Neurologic,http://blackbook.ucalgary.ca/wp-content/uploads/2018/10/blackbook-11-2018_Page_200.png,1
MECHANISMS OF PAIN,MECHANISMS OF PAIN,Neurologic,http://blackbook.ucalgary.ca/wp-content/uploads/2018/10/blackbook-11-2018_Page_202.png,1
MOVEMENT DISORDER: Hyperkinetic,MOVEMENT DISORDER: Hyperkinetic,Neurologic,http://blackbook.ucalgary.ca/wp-content/uploads/2018/10/blackbook-11-2018_Page_203.png,1
MOVEMENT DISORDER: Tremor,MOVEMENT DISORDER: Tremor,Neurologic,http://blackbook.ucalgary.ca/wp-content/uploads/2018/10/blackbook-11-2018_Page_204.png,1
MOVEMENT DISORDER: Bradykinetic,MOVEMENT DISORDER: Bradykinetic,Neurologic,http://blackbook.ucalgary.ca/wp-content/uploads/2018/10/blackbook-11-2018_Page_205.png,1
PERIPHERAL WEAKNESS,PERIPHERAL WEAKNESS,Neurologic,http://blackbook.ucalgary.ca/wp-content/uploads/2018/10/blackbook-11-2018_Page_206.png,1
PERIPHERAL WEAKNESS: Sensory Changes,PERIPHERAL WEAKNESS: Sensory Changes,Neurologic,http://blackbook.ucalgary.ca/wp-content/uploads/2018/10/blackbook-11-2018_Page_207.png,1
SPELL/SEIZURE: Epileptic Seizure,SPELL/SEIZURE: Epileptic Seizure,Neurologic,http://blackbook.ucalgary.ca/wp-content/uploads/2018/10/blackbook-11-2018_Page_208.png,1
SPELL/SEIZURE: Secondary Organic,SPELL/SEIZURE: Secondary Organic,Neurologic,http://blackbook.ucalgary.ca/wp-content/uploads/2018/10/blackbook-11-2018_Page_209.png,1
SPELL/SEIZURE: Other,SPELL/SEIZURE: Other,Neurologic,http://blackbook.ucalgary.ca/wp-content/uploads/2018/10/blackbook-11-2018_Page_210.png,1
STROKE: Intracerebral Hemorrhage,STROKE: Intracerebral Hemorrhage,Neurologic,http://blackbook.ucalgary.ca/wp-content/uploads/2018/10/blackbook-11-2018_Page_211.png,1
STROKE: Ischemia,STROKE: Ischemia,Neurologic,http://blackbook.ucalgary.ca/wp-content/uploads/2018/10/blackbook-11-2018_Page_212.png,1
STROKE: Subarachnoid Hemorrhage,STROKE: Subarachnoid Hemorrhage,Neurologic,http://blackbook.ucalgary.ca/wp-content/uploads/2018/10/blackbook-11-2018_Page_213.png,1
SYNCOPE,SYNCOPE,Neurologic,http://blackbook.ucalgary.ca/wp-content/uploads/2018/10/blackbook-11-2018_Page_041-1.png,1
VERTIGO/DIZZINESS: Dizziness,VERTIGO/DIZZINESS: Dizziness,Neurologic,http://blackbook.ucalgary.ca/wp-content/uploads/2018/10/blackbook-11-2018_Page_215.png,1
VERTIGO/DIZZINESS: Vertigo,VERTIGO/DIZZINESS: Vertigo,Neurologic,http://blackbook.ucalgary.ca/wp-content/uploads/2018/10/blackbook-11-2018_Page_216.png,1
INTRAPARTUM ABNORMAL FETAL HEART RATE TRACING: Variability & Decelerations,INTRAPARTUM ABNORMAL FETAL HEART RATE TRACING: Variability & Decelerations,Obstetrics & Gynecological,http://blackbook.ucalgary.ca/wp-content/uploads/2018/10/blackbook-11-2018_Page_220.png,1
INTRAPARTUM ABNORMAL FETAL HEART RATE TRACING: Baseline,INTRAPARTUM ABNORMAL FETAL HEART RATE TRACING: Baseline,Obstetrics & Gynecological,http://blackbook.ucalgary.ca/wp-content/uploads/2018/10/blackbook-11-2018_Page_221.png,1
ABNORMAL GENITAL BLEEDING,ABNORMAL GENITAL BLEEDING,Obstetrics & Gynecological,http://blackbook.ucalgary.ca/wp-content/uploads/2018/10/blackbook-11-2018_Page_222.png,1
ACUTE PELVIC PAIN,ACUTE PELVIC PAIN,Obstetrics & Gynecological,http://blackbook.ucalgary.ca/wp-content/uploads/2018/10/blackbook-11-2018_Page_223.png,1
CHRONIC PELVIC PAIN,CHRONIC PELVIC PAIN,Obstetrics & Gynecological,http://blackbook.ucalgary.ca/wp-content/uploads/2018/10/blackbook-11-2018_Page_224.png,1
AMENORRHEA: Primary,AMENORRHEA: Primary,Obstetrics & Gynecological,http://blackbook.ucalgary.ca/wp-content/uploads/2018/10/blackbook-11-2018_Page_225.png,1
AMENORRHEA: Secondary,AMENORRHEA: Secondary,Obstetrics & Gynecological,http://blackbook.ucalgary.ca/wp-content/uploads/2018/10/blackbook-11-2018_Page_226.png,1
ANTENATAL CARE,ANTENATAL CARE,Obstetrics & Gynecological,http://blackbook.ucalgary.ca/wp-content/uploads/2018/10/blackbook-11-2018_Page_227.png,1
BLEEDING IN PREGNANCY:,BLEEDING IN PREGNANCY:,Obstetrics & Gynecological,http://blackbook.ucalgary.ca/wp-content/uploads/2018/10/blackbook-11-2018_Page_228.png,1
BLEEDING IN PREGNANCY: 2nd and 3rd Trimesters,BLEEDING IN PREGNANCY: 2nd and 3rd Trimesters,Obstetrics & Gynecological,http://blackbook.ucalgary.ca/wp-content/uploads/2018/10/blackbook-11-2018_Page_229.png,1
BREAST DISORDERS,BREAST DISORDERS,Obstetrics & Gynecological,http://blackbook.ucalgary.ca/wp-content/uploads/2018/10/blackbook-11-2018_Page_230.png,1
GROWTH DISCREPANCY: Small For Gestational Age/ Intrauterine Growth Restriction,GROWTH DISCREPANCY: Small For Gestational Age/ Intrauterine Growth Restriction,Obstetrics & Gynecological,http://blackbook.ucalgary.ca/wp-content/uploads/2018/10/blackbook-11-2018_Page_231.png,1
GROWTH DISCREPANCY: Large for Gestational Age,GROWTH DISCREPANCY: Large for Gestational Age,Obstetrics & Gynecological,http://blackbook.ucalgary.ca/wp-content/uploads/2018/10/blackbook-11-2018_Page_232.png,1
INFERTILITY: Female,INFERTILITY: Female,Obstetrics & Gynecological,http://blackbook.ucalgary.ca/wp-content/uploads/2018/10/blackbook-11-2018_Page_233.png,1
INFERTILITY: Male,INFERTILITY: Male,Obstetrics & Gynecological,http://blackbook.ucalgary.ca/wp-content/uploads/2018/10/blackbook-11-2018_Page_234.png,1
INTRAPARTUM Factors that may affect fetal oxygenation,INTRAPARTUM Factors that may affect fetal oxygenation,Obstetrics & Gynecological,http://blackbook.ucalgary.ca/wp-content/uploads/2018/10/blackbook-11-2018_Page_235.png,1
PELVIC MASS,PELVIC MASS,Obstetrics & Gynecological,http://blackbook.ucalgary.ca/wp-content/uploads/2018/10/blackbook-11-2018_Page_236.png,1
OVARIAN MASS,OVARIAN MASS,Obstetrics & Gynecological,http://blackbook.ucalgary.ca/wp-content/uploads/2018/10/blackbook-11-2018_Page_237.png,1
PELVIC ORGAN PROLAPSE,PELVIC ORGAN PROLAPSE,Obstetrics & Gynecological,http://blackbook.ucalgary.ca/wp-content/uploads/2018/10/blackbook-11-2018_Page_238.png,1
POST-PARTUM HEMORRHAGE,POST-PARTUM HEMORRHAGE,Obstetrics & Gynecological,http://blackbook.ucalgary.ca/wp-content/uploads/2018/10/blackbook-11-2018_Page_239.png,1
RECURRENT PREGNANCY LOSS,RECURRENT PREGNANCY LOSS,Obstetrics & Gynecological,http://blackbook.ucalgary.ca/wp-content/uploads/2018/10/blackbook-11-2018_Page_240.png,1
VAGINAL DISCHARGE,VAGINAL DISCHARGE,Obstetrics & Gynecological,http://blackbook.ucalgary.ca/wp-content/uploads/2018/10/blackbook-11-2018_Page_241.png,1
BURNS,BURNS,Dermatology,http://blackbook.ucalgary.ca/wp-content/uploads/2018/10/blackbook-11-2018_Page_246.png,1
DERMATOSES IN PREGNANCY: Physiologic Changes,DERMATOSES IN PREGNANCY: Physiologic Changes,Dermatology,http://blackbook.ucalgary.ca/wp-content/uploads/2018/10/blackbook-11-2018_Page_247.png,1
DERMATOSES IN PREGNANCY: Specific Skin Conditions,DERMATOSES IN PREGNANCY: Specific Skin Conditions,Dermatology,http://blackbook.ucalgary.ca/wp-content/uploads/2018/10/blackbook-11-2018_Page_248.png,1
DISORDERS OF PIGMENTATION: Hyperpigmentation,DISORDERS OF PIGMENTATION: Hyperpigmentation,Dermatology,http://blackbook.ucalgary.ca/wp-content/uploads/2018/10/blackbook-11-2018_Page_249.png,1
DISORDERS OF PIGMENTATION: Hypopigmentation,DISORDERS OF PIGMENTATION: Hypopigmentation,Dermatology,http://blackbook.ucalgary.ca/wp-content/uploads/2018/10/blackbook-11-2018_Page_250.png,1
GENITAL LESION,GENITAL LESION,Dermatology,http://blackbook.ucalgary.ca/wp-content/uploads/2018/10/blackbook-11-2018_Page_251.png,1
HAIR LOSS (ALOPECIA): Diffuse,HAIR LOSS (ALOPECIA): Diffuse,Dermatology,http://blackbook.ucalgary.ca/wp-content/uploads/2018/10/blackbook-11-2018_Page_252.png,1
HAIR LOSS (ALOPECIA): Localized,HAIR LOSS (ALOPECIA): Localized,Dermatology,http://blackbook.ucalgary.ca/wp-content/uploads/2018/10/blackbook-11-2018_Page_253.png,1
MORPHOLOGY OF SKIN LESIONS: Primary Skin Lesions,MORPHOLOGY OF SKIN LESIONS: Primary Skin Lesions,Dermatology,http://blackbook.ucalgary.ca/wp-content/uploads/2018/10/blackbook-11-2018_Page_254.png,1
MORPHOLOGY OF SKIN LESIONS: Secondary Skin Lesions,MORPHOLOGY OF SKIN LESIONS: Secondary Skin Lesions,Dermatology,http://blackbook.ucalgary.ca/wp-content/uploads/2018/10/blackbook-11-2018_Page_255.png,1
MUCOUS MEMBRANE DISORDER (Oral Cavity),MUCOUS MEMBRANE DISORDER (Oral Cavity),Dermatology,http://blackbook.ucalgary.ca/wp-content/uploads/2018/10/blackbook-11-2018_Page_256.png,1
NAIL DISORDERS: Primary Dermatologic Disease,NAIL DISORDERS: Primary Dermatologic Disease,Dermatology,http://blackbook.ucalgary.ca/wp-content/uploads/2018/10/blackbook-11-2018_Page_257.png,1
NAIL DISORDERS: Systemic Disease,NAIL DISORDERS: Systemic Disease,Dermatology,http://blackbook.ucalgary.ca/wp-content/uploads/2018/10/blackbook-11-2018_Page_258-1.png,1
NAIL DISORDERS: Systemic Disease – Clubbing,NAIL DISORDERS: Systemic Disease – Clubbing,Dermatology,http://blackbook.ucalgary.ca/wp-content/uploads/2018/10/blackbook-11-2018_Page_259.png,1
PRURITUS: No Primary Skin Lesion,PRURITUS: No Primary Skin Lesion,Dermatology,http://blackbook.ucalgary.ca/wp-content/uploads/2018/10/blackbook-11-2018_Page_260.png,1
PRURITUS: Primary Skin Lesion,PRURITUS: Primary Skin Lesion,Dermatology,http://blackbook.ucalgary.ca/wp-content/uploads/2018/10/blackbook-11-2018_Page_261.png,1
SKIN RASH: Eczematous,SKIN RASH: Eczematous,Dermatology,http://blackbook.ucalgary.ca/wp-content/uploads/2018/10/blackbook-11-2018_Page_262.png,1
SKIN RASH: Papulosquamous,SKIN RASH: Papulosquamous,Dermatology,http://blackbook.ucalgary.ca/wp-content/uploads/2018/10/blackbook-11-2018_Page_263.png,1
SKIN RASH: Pustular,SKIN RASH: Pustular,Dermatology,http://blackbook.ucalgary.ca/wp-content/uploads/2018/10/blackbook-11-2018_Page_264.png,1
SKIN RASH: Vesiculobullous,SKIN RASH: Vesiculobullous,Dermatology,http://blackbook.ucalgary.ca/wp-content/uploads/2018/10/blackbook-11-2018_Page_266.png,1
SKIN ULCER BY ETIOLOGY,SKIN ULCER BY ETIOLOGY,Dermatology,http://blackbook.ucalgary.ca/wp-content/uploads/2018/10/blackbook-11-2018_Page_267.png,1
SKIN ULCER BY LOCATION: Genitals,SKIN ULCER BY LOCATION: Genitals,Dermatology,http://blackbook.ucalgary.ca/wp-content/uploads/2018/10/blackbook-11-2018_Page_268.png,1
SKIN ULCER BY LOCATION: Head and Neck,SKIN ULCER BY LOCATION: Head and Neck,Dermatology,http://blackbook.ucalgary.ca/wp-content/uploads/2018/10/blackbook-11-2018_Page_269.png,1
SKIN ULCER BY LOCATION: Lower Legs / Feet,SKIN ULCER BY LOCATION: Lower Legs / Feet,Dermatology,http://blackbook.ucalgary.ca/wp-content/uploads/2018/10/blackbook-11-2018_Page_270.png,1
SKIN ULCER BY LOCATION: Oral Ulcers,SKIN ULCER BY LOCATION: Oral Ulcers,Dermatology,http://blackbook.ucalgary.ca/wp-content/uploads/2018/10/blackbook-11-2018_Page_271.png,1
SKIN ULCER BY LOCATION: Trunk / Sacral Region,SKIN ULCER BY LOCATION: Trunk / Sacral Region,Dermatology,http://blackbook.ucalgary.ca/wp-content/uploads/2018/10/blackbook-11-2018_Page_272.png,1
VASCULAR LESIONS,VASCULAR LESIONS,Dermatology,http://blackbook.ucalgary.ca/wp-content/uploads/2018/10/blackbook-11-2018_Page_273.png,1
ACUTE JOINT PAIN- VITAMIN CD,ACUTE JOINT PAIN- VITAMIN CD,Musculoskeletal,http://blackbook.ucalgary.ca/wp-content/uploads/2018/10/blackbook-11-2018_Page_276.png,1
CHRONIC JOINT PAIN,CHRONIC JOINT PAIN,Musculoskeletal,http://blackbook.ucalgary.ca/wp-content/uploads/2018/10/blackbook-11-2018_Page_277.png,1
BONE LESION,BONE LESION,Musculoskeletal,http://blackbook.ucalgary.ca/wp-content/uploads/2018/10/blackbook-11-2018_Page_278.png,1
DEFORMITY/LIMP,DEFORMITY/LIMP,Musculoskeletal,http://blackbook.ucalgary.ca/wp-content/uploads/2018/10/blackbook-11-2018_Page_279.png,1
INFECTIOUS JOINT PAIN,INFECTIOUS JOINT PAIN,Musculoskeletal,http://blackbook.ucalgary.ca/wp-content/uploads/2018/10/blackbook-11-2018_Page_280.png,1
INFLAMMATORY JOINT PAIN,INFLAMMATORY JOINT PAIN,Musculoskeletal,http://blackbook.ucalgary.ca/wp-content/uploads/2018/10/blackbook-11-2018_Page_281.png,1
VASCULAR JOINT PAIN,VASCULAR JOINT PAIN,Musculoskeletal,http://blackbook.ucalgary.ca/wp-content/uploads/2018/10/blackbook-11-2018_Page_282.png,1
PATHOLOGIC FRACTURES,PATHOLOGIC FRACTURES,Musculoskeletal,http://blackbook.ucalgary.ca/wp-content/uploads/2018/10/blackbook-11-2018_Page_283.png,1
SOFT TISSUE,SOFT TISSUE,Musculoskeletal,http://blackbook.ucalgary.ca/wp-content/uploads/2018/10/blackbook-11-2018_Page_284.png,1
FRACTURE HEALING,FRACTURE HEALING,Musculoskeletal,http://blackbook.ucalgary.ca/wp-content/uploads/2018/10/blackbook-11-2018_Page_285.png,1
OSTEOPEROSIS- BMD testing,OSTEOPEROSIS- BMD testing,Musculoskeletal,http://blackbook.ucalgary.ca/wp-content/uploads/2018/10/blackbook-11-2018_Page_286.png,1
TUMOUR,TUMOUR,Musculoskeletal,http://blackbook.ucalgary.ca/wp-content/uploads/2018/10/blackbook-11-2018_Page_287.png,1
MYOTOMES: Segmental Innervation of Muscles,MYOTOMES: Segmental Innervation of Muscles,Musculoskeletal,http://blackbook.ucalgary.ca/wp-content/uploads/2018/10/blackbook-11-2018_Page_288.png,1
GUIDE TO SPINAL CORD INJURY,GUIDE TO SPINAL CORD INJURY,Musculoskeletal,http://blackbook.ucalgary.ca/wp-content/uploads/2018/10/blackbook-11-2018_Page_289.png,1
ANXIETY DISORDERS: Associated with Panic,ANXIETY DISORDERS: Associated with Panic,Psychiatric,http://blackbook.ucalgary.ca/wp-content/uploads/2018/10/blackbook-11-2018_Page_292.png,1
ANXIETY DISORDERS: Recurrent Anxious Thoughts,ANXIETY DISORDERS: Recurrent Anxious Thoughts,Psychiatric,http://blackbook.ucalgary.ca/wp-content/uploads/2018/10/blackbook-11-2018_Page_293.png,1
Trauma- and Stressor- Related Disorders,Trauma- and Stressor- Related Disorders,Psychiatric,http://blackbook.ucalgary.ca/wp-content/uploads/2018/10/blackbook-11-2018_Page_294.png,1
Obsessive-Compulsive and Related Disorders,Obsessive-Compulsive and Related Disorders,Psychiatric,http://blackbook.ucalgary.ca/wp-content/uploads/2018/10/blackbook-11-2018_Page_295.png,1
PERSONALITY DISORDER,PERSONALITY DISORDER,Psychiatric,http://blackbook.ucalgary.ca/wp-content/uploads/2018/10/blackbook-11-2018_Page_296.png,1
MOOD DISORDERS: Depressed Mood,MOOD DISORDERS: Depressed Mood,Psychiatric,http://blackbook.ucalgary.ca/wp-content/uploads/2018/10/blackbook-11-2018_Page_297.png,1
MOOD DISORDERS: Elevated Mood,MOOD DISORDERS: Elevated Mood,Psychiatric,http://blackbook.ucalgary.ca/wp-content/uploads/2018/10/blackbook-11-2018_Page_298.png,1
PSYCHOTIC DISORDERS,PSYCHOTIC DISORDERS,Psychiatric,http://blackbook.ucalgary.ca/wp-content/uploads/2018/10/blackbook-11-2018_Page_299.png,1
SOMATOFORM DISORDERS,SOMATOFORM DISORDERS,Psychiatric,http://blackbook.ucalgary.ca/wp-content/uploads/2018/10/blackbook-11-2018_Page_300.png,1
HEARING LOSS: Conductive,HEARING LOSS: Conductive,Otolaryngologic,http://blackbook.ucalgary.ca/wp-content/uploads/2018/10/blackbook-11-2018_Page_304.png,1
HEARING LOSS: Sensorineural,HEARING LOSS: Sensorineural,Otolaryngologic,http://blackbook.ucalgary.ca/wp-content/uploads/2018/10/blackbook-11-2018_Page_305.png,1
HOARSENESS: Acute,HOARSENESS: Acute,Otolaryngologic,http://blackbook.ucalgary.ca/wp-content/uploads/2018/10/blackbook-11-2018_Page_306.png,1
HOARSENESS: Non-Acute,HOARSENESS: Non-Acute,Otolaryngologic,http://blackbook.ucalgary.ca/wp-content/uploads/2018/10/blackbook-11-2018_Page_307.png,1
NECK MASS,NECK MASS,Otolaryngologic,http://blackbook.ucalgary.ca/wp-content/uploads/2018/10/blackbook-11-2018_Page_308.png,1
OTALGIA,OTALGIA,Otolaryngologic,http://blackbook.ucalgary.ca/wp-content/uploads/2018/10/blackbook-11-2018_Page_309.png,1
SMELL DYSFUNCTION,SMELL DYSFUNCTION,Otolaryngologic,http://blackbook.ucalgary.ca/wp-content/uploads/2018/10/blackbook-11-2018_Page_310.png,1
TINNITUS: Objective,TINNITUS: Objective,Otolaryngologic,http://blackbook.ucalgary.ca/wp-content/uploads/2018/10/blackbook-11-2018_Page_311.png,1
TINNITUS: Subjective,TINNITUS: Subjective,Otolaryngologic,http://blackbook.ucalgary.ca/wp-content/uploads/2018/10/blackbook-11-2018_Page_312.png,1
CROSS SECTION OF THE EYE and ABBREVIATIONS EOM,CROSS SECTION OF THE EYE and ABBREVIATIONS EOM,Ophthalmologic,http://blackbook.ucalgary.ca/wp-content/uploads/2018/10/blackbook-11-2018_Page_316.png,1
APPROACH TO AN EYE EXAM,APPROACH TO AN EYE EXAM,Ophthalmologic,http://blackbook.ucalgary.ca/wp-content/uploads/2018/10/blackbook-11-2018_Page_317.png,1
ACUTE VISION LOSS: Bilateral,ACUTE VISION LOSS: Bilateral,Ophthalmologic,http://blackbook.ucalgary.ca/wp-content/uploads/2018/10/blackbook-11-2018_Page_318.png,1
ACUTE VISION LOSS: Unilateral,ACUTE VISION LOSS: Unilateral,Ophthalmologic,http://blackbook.ucalgary.ca/wp-content/uploads/2018/10/blackbook-11-2018_Page_319.png,1
CHRONIC VISION LOSS: Anatomic,CHRONIC VISION LOSS: Anatomic,Ophthalmologic,http://blackbook.ucalgary.ca/wp-content/uploads/2018/10/blackbook-11-2018_Page_320.png,1
AMBLYOPIA,AMBLYOPIA,Ophthalmologic,http://blackbook.ucalgary.ca/wp-content/uploads/2018/10/blackbook-11-2018_Page_321.png,1
DIPLOPIA,DIPLOPIA,Ophthalmologic,http://blackbook.ucalgary.ca/wp-content/uploads/2018/10/blackbook-11-2018_Page_322.png,1
PUPILLARY ABNORMALITES: Isocoria,PUPILLARY ABNORMALITES: Isocoria,Ophthalmologic,http://blackbook.ucalgary.ca/wp-content/uploads/2018/10/blackbook-11-2018_Page_323.png,1
PUPILLARY ABNORMALITIES: Anisocoria,PUPILLARY ABNORMALITIES: Anisocoria,Ophthalmologic,http://blackbook.ucalgary.ca/wp-content/uploads/2018/10/blackbook-11-2018_Page_324.png,1
RED EYE: Atraumatic,RED EYE: Atraumatic,Ophthalmologic,http://blackbook.ucalgary.ca/wp-content/uploads/2018/10/blackbook-11-2018_Page_325.png,1
RED EYE: Traumatic,RED EYE: Traumatic,Ophthalmologic,http://blackbook.ucalgary.ca/wp-content/uploads/2018/10/blackbook-11-2018_Page_326.png,1
STRABISMUS: Ocular Misalignment,STRABISMUS: Ocular Misalignment,Ophthalmologic,http://blackbook.ucalgary.ca/wp-content/uploads/2018/10/blackbook-11-2018_Page_327.png,1
Neuro-Ophthalmology: Visual Field Defects,Neuro-Ophthalmology: Visual Field Defects,Ophthalmologic,http://blackbook.ucalgary.ca/wp-content/uploads/2018/10/blackbook-11-2018_Page_328.png,1
DEVELOPMENTAL DELAY,DEVELOPMENTAL DELAY,Pediatric,http://blackbook.ucalgary.ca/wp-content/uploads/2018/10/blackbook-11-2018_Page_334.png,1
SCHOOL DIFFICULTIES,SCHOOL DIFFICULTIES,Pediatric,http://blackbook.ucalgary.ca/wp-content/uploads/2018/10/blackbook-11-2018_Page_335.png,1
GROWTH DISCREPANCY: Small For Gestational Age/ Intrauterine Growth Restriction,GROWTH DISCREPANCY: Small For Gestational Age/ Intrauterine Growth Restriction,Pediatric,http://blackbook.ucalgary.ca/wp-content/uploads/2018/10/blackbook-11-2018_Page_231.png,1
LARGE FOR GESTATIONAL AGE,LARGE FOR GESTATIONAL AGE,Pediatric,http://blackbook.ucalgary.ca/wp-content/uploads/2018/10/blackbook-11-2018_Page_337.png,1
CONGENITAL ANOMALIES,CONGENITAL ANOMALIES,Pediatric,http://blackbook.ucalgary.ca/wp-content/uploads/2018/10/blackbook-11-2018_Page_338.png,1
PRETERM INFANT COMPLICATIONS,PRETERM INFANT COMPLICATIONS,Pediatric,http://blackbook.ucalgary.ca/wp-content/uploads/2018/10/blackbook-11-2018_Page_339.png,1
FAILURE TO THRIVE: Adequate Calorie Consumption,FAILURE TO THRIVE: Adequate Calorie Consumption,Pediatric,http://blackbook.ucalgary.ca/wp-content/uploads/2018/10/blackbook-11-2018_Page_340.png,1
FAILURE TO THRIVE: Inadequate Calorie Consumption,FAILURE TO THRIVE: Inadequate Calorie Consumption,Pediatric,http://blackbook.ucalgary.ca/wp-content/uploads/2018/10/blackbook-11-2018_Page_341.png,1
Hypotonic Infant (Floppy Newborn),Hypotonic Infant (Floppy Newborn),Pediatric,http://blackbook.ucalgary.ca/wp-content/uploads/2018/10/blackbook-11-2018_Page_342.png,1
Acute Abdominal Pain,Acute Abdominal Pain,Pediatric,http://blackbook.ucalgary.ca/wp-content/uploads/2018/10/blackbook-11-2018_Page_343.png,1
PEDIATRIC VOMITING: Systemic causes,PEDIATRIC VOMITING: Systemic causes,Pediatric,http://blackbook.ucalgary.ca/wp-content/uploads/2018/10/blackbook-11-2018_Page_345.png,1
PEDIATRIC VOMITING: Systemic causes,PEDIATRIC VOMITING: Systemic causes,Pediatric,http://blackbook.ucalgary.ca/wp-content/uploads/2018/10/blackbook-11-2018_Page_345.png,1
NEONATAL JAUNDICE,NEONATAL JAUNDICE,Pediatric,http://blackbook.ucalgary.ca/wp-content/uploads/2018/10/blackbook-11-2018_Page_346.png,1
PEDIATRIC DIARRHEA,PEDIATRIC DIARRHEA,Pediatric,http://blackbook.ucalgary.ca/wp-content/uploads/2018/10/blackbook-11-2018_Page_347-1.png,1
PEDIATRIC COUGH: Acute,PEDIATRIC COUGH: Acute,Pediatric,http://blackbook.ucalgary.ca/wp-content/uploads/2018/10/blackbook-11-2018_Page_356.png,1
PEDIATRIC COUGH: Chronic,PEDIATRIC COUGH: Chronic,Pediatric,http://blackbook.ucalgary.ca/wp-content/uploads/2018/10/blackbook-11-2018_Page_357.png,1
RESPIRATORY DISTRESS IN THE NEWBORN,RESPIRATORY DISTRESS IN THE NEWBORN,Pediatric,http://blackbook.ucalgary.ca/wp-content/uploads/2018/10/blackbook-11-2018_Page_358.png,1
SUDDEN UNEXPECTED DEATH IN INFANCY (SUDI),SUDDEN UNEXPECTED DEATH IN INFANCY (SUDI),Pediatric,http://blackbook.ucalgary.ca/wp-content/uploads/2018/10/blackbook-11-2018_Page_359.png,1
ENURESIS,ENURESIS,Pediatric,http://blackbook.ucalgary.ca/wp-content/uploads/2018/10/blackbook-11-2018_Page_360.png,1
APPARENT LIFE THREATENING EVENT,APPARENT LIFE THREATENING EVENT,Pediatric,http://blackbook.ucalgary.ca/wp-content/uploads/2018/10/blackbook-11-2018_Page_361.png,1
PEDIATRIC FRACTURES,PEDIATRIC FRACTURES,Pediatric,http://blackbook.ucalgary.ca/wp-content/uploads/2018/10/blackbook-11-2018_Page_362.png,1
SALTER HARRIS PHYSEAL INJURY CLASSIFICATION SYSTEM,SALTER HARRIS PHYSEAL INJURY CLASSIFICATION SYSTEM,Pediatric,http://blackbook.ucalgary.ca/wp-content/uploads/2018/10/blackbook-11-2018_Page_363.png,1
PEDIATRIC SEIZURE: Unprovoked,PEDIATRIC SEIZURE: Unprovoked,Pediatric,http://blackbook.ucalgary.ca/wp-content/uploads/2018/10/blackbook-11-2018_Page_364.png,1
PEDIATRIC SEIZURE: Provoked,PEDIATRIC SEIZURE: Provoked,Pediatric,http://blackbook.ucalgary.ca/wp-content/uploads/2018/10/blackbook-11-2018_Page_365.png,1
PEDIATRIC SEIZURE: Spells,PEDIATRIC SEIZURE: Spells,Pediatric,http://blackbook.ucalgary.ca/wp-content/uploads/2018/10/blackbook-11-2018_Page_366.png,1
PEDIATRIC MOOD AND ANXIETY DISORDERS,PEDIATRIC MOOD AND ANXIETY DISORDERS,Pediatric,http://blackbook.ucalgary.ca/wp-content/uploads/2018/10/blackbook-11-2018_Page_367.png,1
Team Scheme,Team Scheme,Team Scheme,http://www.ucalgary.ca/sites/default/files/hp-hero-cta-drawer/icon-1_0.png,1